model,method,rank,feature,mean,std
GradientBoosting,native,1.0,f0_max,0.22938450685779926,0.17856527533178007
GradientBoosting,native,2.0,mfcc_4_mean,0.08376318293904529,0.1872557149075697
GradientBoosting,native,3.0,f1_std,0.07959866884676534,0.1779880159021546
GradientBoosting,native,4.0,mfcc_6_mean,0.06551378106754191,0.14290849501206945
GradientBoosting,native,5.0,intensity_min,0.06381957131187624,0.12226517655711423
GradientBoosting,native,6.0,mfcc_2_mean,0.05948717948717948,0.13301737712306438
GradientBoosting,native,7.0,f0_std,0.05474447282500315,0.0810982207568002
GradientBoosting,native,8.0,f3_std,0.05348896687280581,0.070423827840625
GradientBoosting,native,9.0,delta_mfcc_10_mean,0.046943823392238196,0.10396736493384318
GradientBoosting,native,10.0,delta_mfcc_2_mean,0.04134761390114385,0.08336308528791724
GradientBoosting,native,11.0,delta_mfcc_1_mean,0.028607246379639784,0.0507771980681113
GradientBoosting,native,12.0,f0_mean,0.02402244866992042,0.024154986647502385
GradientBoosting,native,13.0,autocorr_harmonicity,0.022000378391898195,0.026065914603368306
GradientBoosting,native,14.0,delta_mfcc_9_mean,0.021106873119713876,0.018429422934405325
GradientBoosting,native,15.0,mfcc_5_mean,0.016107642477733348,0.02887314048409438
GradientBoosting,native,16.0,f2_mean,0.012218552525793033,0.016765498303665607
GradientBoosting,native,17.0,intensity_mean,0.00947167753518666,0.02117931482963503
GradientBoosting,native,18.0,intensity_max,0.009381766452976694,0.020978267537882976
GradientBoosting,native,19.0,f1_mean,0.00901910845301022,0.02016733959737382
GradientBoosting,native,20.0,f3_mean,0.008525376770358273,0.01906332199231871
GradientBoosting,permutation,1.0,f0_max,0.018214285714285707,0.040255878009126986
GradientBoosting,permutation,2.0,delta_mfcc_10_mean,0.014285714285714285,0.031943828249996996
GradientBoosting,permutation,3.0,delta_mfcc_2_mean,0.005714285714285707,0.012777531299998781
GradientBoosting,permutation,4.0,delta_mfcc_3_mean,0.002857142857142857,0.006388765649999399
GradientBoosting,permutation,5.0,autocorr_harmonicity,0.0,0.0
GradientBoosting,permutation,5.0,delta_mfcc_0_mean,0.0,0.0
GradientBoosting,permutation,5.0,delta_mfcc_11_mean,0.0,0.0
GradientBoosting,permutation,5.0,delta_mfcc_12_mean,0.0,0.0
GradientBoosting,permutation,5.0,delta_mfcc_4_mean,0.0,0.0
GradientBoosting,permutation,5.0,delta_mfcc_5_mean,0.0,0.0
GradientBoosting,permutation,5.0,delta_mfcc_6_mean,0.0,0.0
GradientBoosting,permutation,5.0,delta_mfcc_7_mean,0.0,0.0
GradientBoosting,permutation,5.0,delta_mfcc_8_mean,0.0,0.0
GradientBoosting,permutation,5.0,delta_mfcc_9_mean,0.0,0.0
GradientBoosting,permutation,5.0,f0_mean,0.0,0.0
GradientBoosting,permutation,5.0,f0_min,0.0,0.0
GradientBoosting,permutation,5.0,f0_std,0.0,0.0
GradientBoosting,permutation,5.0,f1_mean,0.0,0.0
GradientBoosting,permutation,5.0,f2_mean,0.0,0.0
GradientBoosting,permutation,5.0,f2_std,0.0,0.0
LogisticRegression,native,1.0,f0_max,0.7535657238648109,0.20272991320330977
LogisticRegression,native,2.0,hnr_mean,0.6490877147768427,0.17803817665171306
LogisticRegression,native,3.0,shimmer_apq11,0.5532341508633244,0.1452537195621053
LogisticRegression,native,4.0,delta_mfcc_4_mean,0.4959325443418197,0.16323236322857998
LogisticRegression,native,5.0,delta_mfcc_2_mean,0.49234748791667027,0.10333019629462036
LogisticRegression,native,6.0,delta_mfcc_1_mean,0.47357981209197025,0.27332163097013235
LogisticRegression,native,7.0,mfcc_5_mean,0.47016313903194507,0.12656735571848968
LogisticRegression,native,8.0,mfcc_4_mean,0.4261283029270051,0.2331580327042672
LogisticRegression,native,9.0,mfcc_10_mean,0.4184392323015369,0.22075109140497634
LogisticRegression,native,10.0,mfcc_11_mean,0.3880319788404794,0.1924671949207323
LogisticRegression,native,11.0,f0_min,0.38254464696629176,0.11137512683099539
LogisticRegression,native,12.0,delta_mfcc_8_mean,0.3778433388650571,0.2872817838610789
LogisticRegression,native,13.0,intensity_min,0.3760527491226716,0.27987191930241107
LogisticRegression,native,14.0,intensity_mean,0.3616315083148317,0.05844024089110657
LogisticRegression,native,15.0,delta_mfcc_10_mean,0.36128919402945914,0.074183997931798
LogisticRegression,native,16.0,jitter_ppq5,0.3263264264791872,0.0643274430895124
LogisticRegression,native,17.0,delta_mfcc_7_mean,0.2956512137181846,0.10116323944009643
LogisticRegression,native,18.0,mfcc_7_mean,0.2801439639863584,0.11627185111646436
LogisticRegression,native,19.0,delta_mfcc_12_mean,0.27569395048422696,0.22884452944293343
LogisticRegression,native,20.0,autocorr_harmonicity,0.26721734616940546,0.08761526459461715
LogisticRegression,permutation,1.0,mfcc_5_mean,0.05678571428571429,0.08113119257205127
LogisticRegression,permutation,2.0,f3_std,0.04857142857142858,0.06821335077893327
LogisticRegression,permutation,3.0,intensity_mean,0.04214285714285715,0.06635556664282055
LogisticRegression,permutation,4.0,autocorr_harmonicity,0.036071428571428574,0.06186411211152181
LogisticRegression,permutation,4.0,f0_mean,0.036071428571428574,0.06186411211152181
LogisticRegression,permutation,6.0,f1_mean,0.028571428571428574,0.063887656499994
LogisticRegression,permutation,7.0,mfcc_4_mean,0.027500000000000007,0.05184110338331932
LogisticRegression,permutation,8.0,jitter_local,0.025714285714285724,0.057498890849994606
LogisticRegression,permutation,9.0,intensity_min,0.02464285714285715,0.06346700894551277
LogisticRegression,permutation,10.0,shimmer_local,0.02178571428571429,0.04057149144864344
LogisticRegression,permutation,11.0,jitter_ppq5,0.01964285714285715,0.0393667994375868
LogisticRegression,permutation,12.0,delta_mfcc_2_mean,0.014642857142857148,0.08608920978157675
LogisticRegression,permutation,13.0,f1_std,0.012500000000000006,0.05892857142857144
LogisticRegression,permutation,14.0,mfcc_12_mean,0.011071428571428574,0.01857486231992264
LogisticRegression,permutation,15.0,f2_std,0.00714285714285715,0.05775343438855797
LogisticRegression,permutation,16.0,mfcc_0_mean,0.003928571428571434,0.0890389447010093
LogisticRegression,permutation,17.0,delta_mfcc_4_mean,0.002857142857142851,0.05142423096763087
LogisticRegression,permutation,18.0,f2_mean,0.0025,0.0115451641966033
LogisticRegression,permutation,19.0,delta_mfcc_10_mean,0.0021428571428571443,0.0465211988106015
LogisticRegression,permutation,20.0,mfcc_11_mean,-2.0816681711721684e-18,0.10140121613004976
RandomForest,native,1.0,f0_max,0.05156103182448911,0.019237351816836928
RandomForest,native,2.0,delta_mfcc_2_mean,0.0386716610850387,0.017799313142735675
RandomForest,native,3.0,f3_std,0.03781894193155858,0.011388025735328572
RandomForest,native,4.0,autocorr_harmonicity,0.03766597752136462,0.01672501633340619
RandomForest,native,5.0,intensity_mean,0.03549953007586905,0.021181534201878145
RandomForest,native,6.0,f0_mean,0.03229335087428605,0.012233769011467393
RandomForest,native,7.0,shimmer_apq3,0.031518945019032386,0.013284763149085105
RandomForest,native,8.0,mfcc_12_mean,0.03089458259862894,0.007195081728252115
RandomForest,native,9.0,f1_std,0.03084212863360734,0.021667833658421228
RandomForest,native,10.0,mfcc_6_mean,0.02996640568893183,0.023793443701780485
RandomForest,native,11.0,intensity_min,0.02904727453136463,0.008578376121862004
RandomForest,native,12.0,delta_mfcc_8_mean,0.028619871424762557,0.018866490433396256
RandomForest,native,13.0,mfcc_4_mean,0.02545457504652409,0.022653472835776803
RandomForest,native,14.0,mfcc_10_mean,0.024459283771988184,0.007863313017268319
RandomForest,native,15.0,mfcc_5_mean,0.023764519436788784,0.013231869419510255
RandomForest,native,16.0,f3_mean,0.023420236792071735,0.009471663596147574
RandomForest,native,17.0,f0_min,0.022441979331508842,0.00844576589748964
RandomForest,native,18.0,intensity_max,0.02210981275413751,0.009799798165733136
RandomForest,native,19.0,delta_mfcc_1_mean,0.021908070025637418,0.005565387907508365
RandomForest,native,20.0,jitter_local,0.021330643554990737,0.005912595331258236
RandomForest,permutation,1.0,intensity_min,0.06071428571428572,0.06307136790160485
RandomForest,permutation,2.0,f3_std,0.052857142857142846,0.0642063001549835
RandomForest,permutation,3.0,intensity_mean,0.051071428571428566,0.07075125296359328
RandomForest,permutation,4.0,f0_mean,0.03357142857142857,0.03603428073036982
RandomForest,permutation,5.0,f0_max,0.031071428571428566,0.03178370780183855
RandomForest,permutation,6.0,intensity_max,0.03035714285714285,0.028849097181077695
RandomForest,permutation,7.0,autocorr_harmonicity,0.02857142857142857,0.03912303982179757
RandomForest,permutation,7.0,mfcc_7_mean,0.02857142857142857,0.04403152859263555
RandomForest,permutation,9.0,jitter_local,0.02749999999999999,0.04366062299143244
RandomForest,permutation,10.0,mfcc_2_mean,0.02499999999999999,0.10307764064044149
RandomForest,permutation,11.0,mfcc_8_mean,0.023571428571428573,0.03421868447715281
RandomForest,permutation,12.0,mfcc_11_mean,0.022857142857142847,0.05111012519999518
RandomForest,permutation,13.0,jitter_ppq5,0.02214285714285714,0.029494032602946536
RandomForest,permutation,14.0,delta_mfcc_10_mean,0.022142857142857138,0.029494032602946526
RandomForest,permutation,15.0,f0_std,0.020000000000000004,0.031298431857438073
RandomForest,permutation,16.0,mfcc_1_mean,0.019999999999999997,0.03725258517258656
RandomForest,permutation,17.0,delta_mfcc_7_mean,0.019999999999999993,0.04472135954999578
RandomForest,permutation,18.0,delta_mfcc_6_mean,0.019285714285714288,0.03109399837096989
RandomForest,permutation,18.0,f1_std,0.019285714285714288,0.01883060903780582
RandomForest,permutation,18.0,mfcc_3_mean,0.019285714285714288,0.03109399837096989
SVM_RBF,permutation,1.0,shimmer_local,0.005,0.01118033988749895
SVM_RBF,permutation,2.0,delta_mfcc_6_mean,0.0,0.0
SVM_RBF,permutation,3.0,jitter_rap,-0.0025,0.005590169943749474
SVM_RBF,permutation,3.0,shimmer_apq3,-0.0025,0.005590169943749474
SVM_RBF,permutation,5.0,delta_mfcc_9_mean,-0.005,0.01118033988749895
SVM_RBF,permutation,6.0,mfcc_4_mean,-0.007857142857142858,0.00720951044220941
SVM_RBF,permutation,7.0,jitter_ppq5,-0.008214285714285714,0.007533936824903209
SVM_RBF,permutation,8.0,f1_mean,-0.01,0.0223606797749979
SVM_RBF,permutation,8.0,mfcc_9_mean,-0.01,0.0223606797749979
SVM_RBF,permutation,10.0,mfcc_11_mean,-0.010357142857142858,0.01638581392422066
SVM_RBF,permutation,11.0,mfcc_12_mean,-0.0125,0.02165063509461097
SVM_RBF,permutation,12.0,intensity_max,-0.013214285714285711,0.018367701243748268
SVM_RBF,permutation,13.0,delta_mfcc_3_mean,-0.013571428571428568,0.01962661666290583
SVM_RBF,permutation,13.0,delta_mfcc_8_mean,-0.013571428571428568,0.01962661666290583
SVM_RBF,permutation,15.0,jitter_local,-0.013928571428571426,0.017514571193198887
SVM_RBF,permutation,16.0,f3_std,-0.015357142857142856,0.027069920802338856
SVM_RBF,permutation,17.0,hnr_mean,-0.016071428571428566,0.022088065851523175
SVM_RBF,permutation,18.0,delta_mfcc_11_mean,-0.017499999999999998,0.03913118960624632
SVM_RBF,permutation,18.0,mfcc_5_mean,-0.017499999999999998,0.03913118960624632
SVM_RBF,permutation,20.0,f1_std,-0.017857142857142856,0.032537262782658206
XGBoost,native,1.0,f0_max,0.08291269391775132,0.027907236593917847
XGBoost,native,2.0,intensity_min,0.0641086108982563,0.06286918797769156
XGBoost,native,3.0,f0_mean,0.06325035840272904,0.044095744024732736
XGBoost,native,4.0,f3_std,0.06137706041336059,0.04414365477692863
XGBoost,native,5.0,intensity_mean,0.05077400095760822,0.04702041077582457
XGBoost,native,6.0,delta_mfcc_10_mean,0.04133554045110941,0.03668769797478057
XGBoost,native,7.0,f1_std,0.04087876603007316,0.0748426666560928
XGBoost,native,8.0,delta_mfcc_2_mean,0.03777013625949621,0.027968941605633613
XGBoost,native,9.0,mfcc_3_mean,0.032491647824645045,0.023180203034130105
XGBoost,native,10.0,mfcc_11_mean,0.030757914809510113,0.039990854177332016
XGBoost,native,11.0,delta_mfcc_12_mean,0.030470626428723335,0.038641995659736424
XGBoost,native,12.0,f1_mean,0.028633827716112135,0.018664829544406358
XGBoost,native,13.0,intensity_max,0.027688262145966293,0.03559880515311658
XGBoost,native,14.0,shimmer_local,0.027311531640589238,0.019633332707553672
XGBoost,native,15.0,f0_min,0.027251228271052242,0.05895481543300817
XGBoost,native,16.0,mfcc_2_mean,0.0262320464476943,0.03577153358957327
XGBoost,native,17.0,mfcc_6_mean,0.025267643481492998,0.0517240031427727
XGBoost,native,18.0,mfcc_5_mean,0.02433405853807926,0.026122475515683787
XGBoost,native,19.0,mfcc_1_mean,0.023363862186670303,0.019751962370825108
XGBoost,native,20.0,mfcc_4_mean,0.020392189733684063,0.03428253940815329
XGBoost,permutation,1.0,f0_max,0.05071428571428571,0.11715565043382
XGBoost,permutation,2.0,intensity_min,0.005714285714285716,0.012777531299998802
XGBoost,permutation,3.0,mfcc_6_mean,0.0025,0.005590169943749474
XGBoost,permutation,4.0,autocorr_harmonicity,0.0,0.0
XGBoost,permutation,4.0,delta_mfcc_0_mean,0.0,0.0
XGBoost,permutation,4.0,delta_mfcc_11_mean,0.0,0.0
XGBoost,permutation,4.0,delta_mfcc_12_mean,0.0,0.0
XGBoost,permutation,4.0,delta_mfcc_1_mean,0.0,0.0
XGBoost,permutation,4.0,delta_mfcc_3_mean,0.0,0.0
XGBoost,permutation,4.0,delta_mfcc_4_mean,0.0,0.0
XGBoost,permutation,4.0,delta_mfcc_5_mean,0.0,0.0
XGBoost,permutation,4.0,delta_mfcc_6_mean,0.0,0.0
XGBoost,permutation,4.0,delta_mfcc_8_mean,0.0,0.0
XGBoost,permutation,4.0,f0_min,0.0,0.0
XGBoost,permutation,4.0,f0_std,0.0,0.0
XGBoost,permutation,4.0,f2_mean,0.0,0.0
XGBoost,permutation,4.0,f2_std,0.0,0.0
XGBoost,permutation,4.0,f3_mean,0.0,0.0
XGBoost,permutation,4.0,jitter_local,0.0,0.0
XGBoost,permutation,4.0,jitter_ppq5,0.0,0.0
